<annotation>
	<folder>my-project-name</folder>
	<filename>15.jpg</filename>
	<path>/my-project-name/15.jpg</path>
	<source>
		<database>Unspecified</database>
	</source>
	<size>
		<width>679</width>
		<height>482</height>
		<depth>3</depth>
	</size>
	<object>
		<name>router</name>
		<pose>Unspecified</pose>
		<truncated>0</truncated>
		<difficult>0</difficult>
		<bndbox>
			<xmin>21</xmin>
			<ymin>124</ymin>
			<xmax>103</xmax>
			<ymax>180</ymax>
		</bndbox>
	</object>
	<object>
		<name>router</name>
		<pose>Unspecified</pose>
		<truncated>0</truncated>
		<difficult>0</difficult>
		<bndbox>
			<xmin>137</xmin>
			<ymin>100</ymin>
			<xmax>220</xmax>
			<ymax>180</ymax>
		</bndbox>
	</object>
	<object>
		<name>router</name>
		<pose>Unspecified</pose>
		<truncated>0</truncated>
		<difficult>0</difficult>
		<bndbox>
			<xmin>260</xmin>
			<ymin>116</ymin>
			<xmax>361</xmax>
			<ymax>179</ymax>
		</bndbox>
	</object>
	<object>
		<name>firewall</name>
		<pose>Unspecified</pose>
		<truncated>0</truncated>
		<difficult>0</difficult>
		<bndbox>
			<xmin>410</xmin>
			<ymin>92</ymin>
			<xmax>477</xmax>
			<ymax>182</ymax>
		</bndbox>
	</object>
	<object>
		<name>switch</name>
		<pose>Unspecified</pose>
		<truncated>0</truncated>
		<difficult>0</difficult>
		<bndbox>
			<xmin>14</xmin>
			<ymin>266</ymin>
			<xmax>107</xmax>
			<ymax>320</ymax>
		</bndbox>
	</object>
</annotation>