<annotation>
	<folder>my-project-name</folder>
	<filename>17.jpg</filename>
	<path>/my-project-name/17.jpg</path>
	<source>
		<database>Unspecified</database>
	</source>
	<size>
		<width>1584</width>
		<height>1224</height>
		<depth>3</depth>
	</size>
	<object>
		<name>firewall</name>
		<pose>Unspecified</pose>
		<truncated>0</truncated>
		<difficult>0</difficult>
		<bndbox>
			<xmin>671</xmin>
			<ymin>383</ymin>
			<xmax>878</xmax>
			<ymax>528</ymax>
		</bndbox>
	</object>
	<object>
		<name>pc</name>
		<pose>Unspecified</pose>
		<truncated>0</truncated>
		<difficult>0</difficult>
		<bndbox>
			<xmin>68</xmin>
			<ymin>586</ymin>
			<xmax>252</xmax>
			<ymax>790</ymax>
		</bndbox>
	</object>
	<object>
		<name>pc</name>
		<pose>Unspecified</pose>
		<truncated>0</truncated>
		<difficult>0</difficult>
		<bndbox>
			<xmin>93</xmin>
			<ymin>848</ymin>
			<xmax>280</xmax>
			<ymax>1070</ymax>
		</bndbox>
	</object>
	<object>
		<name>pc</name>
		<pose>Unspecified</pose>
		<truncated>0</truncated>
		<difficult>0</difficult>
		<bndbox>
			<xmin>65</xmin>
			<ymin>334</ymin>
			<xmax>262</xmax>
			<ymax>528</ymax>
		</bndbox>
	</object>
</annotation>