<annotation>
	<folder>my-project-name</folder>
	<filename>21.jpg</filename>
	<path>/my-project-name/21.jpg</path>
	<source>
		<database>Unspecified</database>
	</source>
	<size>
		<width>500</width>
		<height>307</height>
		<depth>3</depth>
	</size>
	<object>
		<name>firewall</name>
		<pose>Unspecified</pose>
		<truncated>0</truncated>
		<difficult>0</difficult>
		<bndbox>
			<xmin>60</xmin>
			<ymin>168</ymin>
			<xmax>118</xmax>
			<ymax>229</ymax>
		</bndbox>
	</object>
	<object>
		<name>firewall</name>
		<pose>Unspecified</pose>
		<truncated>0</truncated>
		<difficult>0</difficult>
		<bndbox>
			<xmin>297</xmin>
			<ymin>162</ymin>
			<xmax>354</xmax>
			<ymax>227</ymax>
		</bndbox>
	</object>
	<object>
		<name>router</name>
		<pose>Unspecified</pose>
		<truncated>0</truncated>
		<difficult>0</difficult>
		<bndbox>
			<xmin>53</xmin>
			<ymin>19</ymin>
			<xmax>131</xmax>
			<ymax>69</ymax>
		</bndbox>
	</object>
	<object>
		<name>router</name>
		<pose>Unspecified</pose>
		<truncated>0</truncated>
		<difficult>0</difficult>
		<bndbox>
			<xmin>396</xmin>
			<ymin>23</ymin>
			<xmax>471</xmax>
			<ymax>71</ymax>
		</bndbox>
	</object>
	<object>
		<name>switch</name>
		<pose>Unspecified</pose>
		<truncated>0</truncated>
		<difficult>0</difficult>
		<bndbox>
			<xmin>46</xmin>
			<ymin>83</ymin>
			<xmax>128</xmax>
			<ymax>117</ymax>
		</bndbox>
	</object>
	<object>
		<name>switch</name>
		<pose>Unspecified</pose>
		<truncated>0</truncated>
		<difficult>0</difficult>
		<bndbox>
			<xmin>46</xmin>
			<ymin>264</ymin>
			<xmax>132</xmax>
			<ymax>300</ymax>
		</bndbox>
	</object>
</annotation>