<annotation>
	<folder>my-project-name</folder>
	<filename>26.jpg</filename>
	<path>/my-project-name/26.jpg</path>
	<source>
		<database>Unspecified</database>
	</source>
	<size>
		<width>1024</width>
		<height>768</height>
		<depth>3</depth>
	</size>
	<object>
		<name>pc</name>
		<pose>Unspecified</pose>
		<truncated>0</truncated>
		<difficult>0</difficult>
		<bndbox>
			<xmin>29</xmin>
			<ymin>253</ymin>
			<xmax>139</xmax>
			<ymax>372</ymax>
		</bndbox>
	</object>
	<object>
		<name>firewall</name>
		<pose>Unspecified</pose>
		<truncated>0</truncated>
		<difficult>0</difficult>
		<bndbox>
			<xmin>362</xmin>
			<ymin>141</ymin>
			<xmax>465</xmax>
			<ymax>251</ymax>
		</bndbox>
	</object>
	<object>
		<name>firewall</name>
		<pose>Unspecified</pose>
		<truncated>0</truncated>
		<difficult>0</difficult>
		<bndbox>
			<xmin>369</xmin>
			<ymin>263</ymin>
			<xmax>476</xmax>
			<ymax>345</ymax>
		</bndbox>
	</object>
	<object>
		<name>firewall</name>
		<pose>Unspecified</pose>
		<truncated>0</truncated>
		<difficult>0</difficult>
		<bndbox>
			<xmin>298</xmin>
			<ymin>346</ymin>
			<xmax>399</xmax>
			<ymax>408</ymax>
		</bndbox>
	</object>
	<object>
		<name>firewall</name>
		<pose>Unspecified</pose>
		<truncated>0</truncated>
		<difficult>0</difficult>
		<bndbox>
			<xmin>417</xmin>
			<ymin>351</ymin>
			<xmax>504</xmax>
			<ymax>413</ymax>
		</bndbox>
	</object>
</annotation>