<annotation>
	<folder>my-project-name</folder>
	<filename>7.jpg</filename>
	<path>/my-project-name/7.jpg</path>
	<source>
		<database>Unspecified</database>
	</source>
	<size>
		<width>259</width>
		<height>194</height>
		<depth>3</depth>
	</size>
	<object>
		<name>firewall</name>
		<pose>Unspecified</pose>
		<truncated>0</truncated>
		<difficult>0</difficult>
		<bndbox>
			<xmin>89</xmin>
			<ymin>34</ymin>
			<xmax>117</xmax>
			<ymax>65</ymax>
		</bndbox>
	</object>
	<object>
		<name>firewall</name>
		<pose>Unspecified</pose>
		<truncated>0</truncated>
		<difficult>0</difficult>
		<bndbox>
			<xmin>75</xmin>
			<ymin>91</ymin>
			<xmax>104</xmax>
			<ymax>108</ymax>
		</bndbox>
	</object>
	<object>
		<name>pc</name>
		<pose>Unspecified</pose>
		<truncated>0</truncated>
		<difficult>0</difficult>
		<bndbox>
			<xmin>8</xmin>
			<ymin>62</ymin>
			<xmax>35</xmax>
			<ymax>84</ymax>
		</bndbox>
	</object>
</annotation>