<annotation>
	<folder>my-project-name</folder>
	<filename>{no.1000} (5).jpg</filename>
	<path>/my-project-name/{no.1000} (5).jpg</path>
	<source>
		<database>Unspecified</database>
	</source>
	<size>
		<width>666</width>
		<height>489</height>
		<depth>3</depth>
	</size>
	<object>
		<name>router</name>
		<pose>Unspecified</pose>
		<truncated>0</truncated>
		<difficult>0</difficult>
		<bndbox>
			<xmin>179</xmin>
			<ymin>171</ymin>
			<xmax>248</xmax>
			<ymax>215</ymax>
		</bndbox>
	</object>
	<object>
		<name>router</name>
		<pose>Unspecified</pose>
		<truncated>0</truncated>
		<difficult>0</difficult>
		<bndbox>
			<xmin>332</xmin>
			<ymin>174</ymin>
			<xmax>410</xmax>
			<ymax>218</ymax>
		</bndbox>
	</object>
	<object>
		<name>router</name>
		<pose>Unspecified</pose>
		<truncated>0</truncated>
		<difficult>0</difficult>
		<bndbox>
			<xmin>345</xmin>
			<ymin>232</ymin>
			<xmax>410</xmax>
			<ymax>272</ymax>
		</bndbox>
	</object>
	<object>
		<name>router</name>
		<pose>Unspecified</pose>
		<truncated>0</truncated>
		<difficult>0</difficult>
		<bndbox>
			<xmin>503</xmin>
			<ymin>164</ymin>
			<xmax>570</xmax>
			<ymax>211</ymax>
		</bndbox>
	</object>
	<object>
		<name>router</name>
		<pose>Unspecified</pose>
		<truncated>0</truncated>
		<difficult>0</difficult>
		<bndbox>
			<xmin>341</xmin>
			<ymin>354</ymin>
			<xmax>416</xmax>
			<ymax>412</ymax>
		</bndbox>
	</object>
	<object>
		<name>router</name>
		<pose>Unspecified</pose>
		<truncated>0</truncated>
		<difficult>0</difficult>
		<bndbox>
			<xmin>349</xmin>
			<ymin>431</ymin>
			<xmax>412</xmax>
			<ymax>472</ymax>
		</bndbox>
	</object>
	<object>
		<name>router</name>
		<pose>Unspecified</pose>
		<truncated>0</truncated>
		<difficult>0</difficult>
		<bndbox>
			<xmin>184</xmin>
			<ymin>424</ymin>
			<xmax>257</xmax>
			<ymax>474</ymax>
		</bndbox>
	</object>
	<object>
		<name>pc</name>
		<pose>Unspecified</pose>
		<truncated>0</truncated>
		<difficult>0</difficult>
		<bndbox>
			<xmin>194</xmin>
			<ymin>104</ymin>
			<xmax>245</xmax>
			<ymax>154</ymax>
		</bndbox>
	</object>
</annotation>