<annotation>
	<folder>my-project-name</folder>
	<filename>{no.1000} (10).jpg</filename>
	<path>/my-project-name/{no.1000} (10).jpg</path>
	<source>
		<database>Unspecified</database>
	</source>
	<size>
		<width>960</width>
		<height>720</height>
		<depth>3</depth>
	</size>
	<object>
		<name>switch</name>
		<pose>Unspecified</pose>
		<truncated>0</truncated>
		<difficult>0</difficult>
		<bndbox>
			<xmin>479</xmin>
			<ymin>587</ymin>
			<xmax>586</xmax>
			<ymax>636</ymax>
		</bndbox>
	</object>
	<object>
		<name>switch</name>
		<pose>Unspecified</pose>
		<truncated>0</truncated>
		<difficult>0</difficult>
		<bndbox>
			<xmin>479</xmin>
			<ymin>650</ymin>
			<xmax>589</xmax>
			<ymax>701</ymax>
		</bndbox>
	</object>
	<object>
		<name>switch</name>
		<pose>Unspecified</pose>
		<truncated>0</truncated>
		<difficult>0</difficult>
		<bndbox>
			<xmin>484</xmin>
			<ymin>523</ymin>
			<xmax>583</xmax>
			<ymax>578</ymax>
		</bndbox>
	</object>
	<object>
		<name>router</name>
		<pose>Unspecified</pose>
		<truncated>0</truncated>
		<difficult>0</difficult>
		<bndbox>
			<xmin>711</xmin>
			<ymin>455</ymin>
			<xmax>831</xmax>
			<ymax>558</ymax>
		</bndbox>
	</object>
	<object>
		<name>router</name>
		<pose>Unspecified</pose>
		<truncated>0</truncated>
		<difficult>0</difficult>
		<bndbox>
			<xmin>25</xmin>
			<ymin>136</ymin>
			<xmax>159</xmax>
			<ymax>199</ymax>
		</bndbox>
	</object>
	<object>
		<name>router</name>
		<pose>Unspecified</pose>
		<truncated>0</truncated>
		<difficult>0</difficult>
		<bndbox>
			<xmin>50</xmin>
			<ymin>224</ymin>
			<xmax>156</xmax>
			<ymax>282</ymax>
		</bndbox>
	</object>
	<object>
		<name>router</name>
		<pose>Unspecified</pose>
		<truncated>0</truncated>
		<difficult>0</difficult>
		<bndbox>
			<xmin>276</xmin>
			<ymin>568</ymin>
			<xmax>379</xmax>
			<ymax>626</ymax>
		</bndbox>
	</object>
	<object>
		<name>router</name>
		<pose>Unspecified</pose>
		<truncated>0</truncated>
		<difficult>0</difficult>
		<bndbox>
			<xmin>273</xmin>
			<ymin>639</ymin>
			<xmax>378</xmax>
			<ymax>693</ymax>
		</bndbox>
	</object>
	<object>
		<name>pc</name>
		<pose>Unspecified</pose>
		<truncated>0</truncated>
		<difficult>0</difficult>
		<bndbox>
			<xmin>59</xmin>
			<ymin>485</ymin>
			<xmax>166</xmax>
			<ymax>584</ymax>
		</bndbox>
	</object>
	<object>
		<name>pc</name>
		<pose>Unspecified</pose>
		<truncated>0</truncated>
		<difficult>0</difficult>
		<bndbox>
			<xmin>289</xmin>
			<ymin>177</ymin>
			<xmax>401</xmax>
			<ymax>274</ymax>
		</bndbox>
	</object>
	<object>
		<name>pc</name>
		<pose>Unspecified</pose>
		<truncated>0</truncated>
		<difficult>0</difficult>
		<bndbox>
			<xmin>272</xmin>
			<ymin>448</ymin>
			<xmax>382</xmax>
			<ymax>545</ymax>
		</bndbox>
	</object>
</annotation>