<annotation>
	<folder>my-project-name</folder>
	<filename>{no.1000} (8).jpg</filename>
	<path>/my-project-name/{no.1000} (8).jpg</path>
	<source>
		<database>Unspecified</database>
	</source>
	<size>
		<width>666</width>
		<height>489</height>
		<depth>3</depth>
	</size>
	<object>
		<name>router</name>
		<pose>Unspecified</pose>
		<truncated>0</truncated>
		<difficult>0</difficult>
		<bndbox>
			<xmin>219</xmin>
			<ymin>414</ymin>
			<xmax>299</xmax>
			<ymax>458</ymax>
		</bndbox>
	</object>
	<object>
		<name>router</name>
		<pose>Unspecified</pose>
		<truncated>0</truncated>
		<difficult>0</difficult>
		<bndbox>
			<xmin>220</xmin>
			<ymin>96</ymin>
			<xmax>300</xmax>
			<ymax>141</ymax>
		</bndbox>
	</object>
</annotation>