<annotation>
	<folder>my-project-name</folder>
	<filename>{no.1000}.jpg</filename>
	<path>/my-project-name/{no.1000}.jpg</path>
	<source>
		<database>Unspecified</database>
	</source>
	<size>
		<width>208</width>
		<height>243</height>
		<depth>3</depth>
	</size>
	<object>
		<name>switch</name>
		<pose>Unspecified</pose>
		<truncated>0</truncated>
		<difficult>0</difficult>
		<bndbox>
			<xmin>6</xmin>
			<ymin>63</ymin>
			<xmax>29</xmax>
			<ymax>81</ymax>
		</bndbox>
	</object>
	<object>
		<name>switch</name>
		<pose>Unspecified</pose>
		<truncated>0</truncated>
		<difficult>0</difficult>
		<bndbox>
			<xmin>5</xmin>
			<ymin>110</ymin>
			<xmax>32</xmax>
			<ymax>127</ymax>
		</bndbox>
	</object>
	<object>
		<name>switch</name>
		<pose>Unspecified</pose>
		<truncated>0</truncated>
		<difficult>0</difficult>
		<bndbox>
			<xmin>110</xmin>
			<ymin>64</ymin>
			<xmax>133</xmax>
			<ymax>80</ymax>
		</bndbox>
	</object>
	<object>
		<name>switch</name>
		<pose>Unspecified</pose>
		<truncated>0</truncated>
		<difficult>0</difficult>
		<bndbox>
			<xmin>110</xmin>
			<ymin>110</ymin>
			<xmax>131</xmax>
			<ymax>126</ymax>
		</bndbox>
	</object>
</annotation>