<annotation>
	<folder>my-project-name</folder>
	<filename>{no.1000} (11).jpg</filename>
	<path>/my-project-name/{no.1000} (11).jpg</path>
	<source>
		<database>Unspecified</database>
	</source>
	<size>
		<width>728</width>
		<height>397</height>
		<depth>3</depth>
	</size>
	<object>
		<name>router</name>
		<pose>Unspecified</pose>
		<truncated>0</truncated>
		<difficult>0</difficult>
		<bndbox>
			<xmin>5</xmin>
			<ymin>5</ymin>
			<xmax>661</xmax>
			<ymax>306</ymax>
		</bndbox>
	</object>
</annotation>