<annotation>
	<folder>my-project-name</folder>
	<filename>{no.1000} (15).jpg</filename>
	<path>/my-project-name/{no.1000} (15).jpg</path>
	<source>
		<database>Unspecified</database>
	</source>
	<size>
		<width>768</width>
		<height>576</height>
		<depth>3</depth>
	</size>
	<object>
		<name>router</name>
		<pose>Unspecified</pose>
		<truncated>0</truncated>
		<difficult>0</difficult>
		<bndbox>
			<xmin>27</xmin>
			<ymin>132</ymin>
			<xmax>114</xmax>
			<ymax>197</ymax>
		</bndbox>
	</object>
	<object>
		<name>firewall</name>
		<pose>Unspecified</pose>
		<truncated>0</truncated>
		<difficult>0</difficult>
		<bndbox>
			<xmin>150</xmin>
			<ymin>140</ymin>
			<xmax>245</xmax>
			<ymax>197</ymax>
		</bndbox>
	</object>
	<object>
		<name>firewall</name>
		<pose>Unspecified</pose>
		<truncated>0</truncated>
		<difficult>0</difficult>
		<bndbox>
			<xmin>628</xmin>
			<ymin>133</ymin>
			<xmax>727</xmax>
			<ymax>210</ymax>
		</bndbox>
	</object>
	<object>
		<name>pc</name>
		<pose>Unspecified</pose>
		<truncated>0</truncated>
		<difficult>0</difficult>
		<bndbox>
			<xmin>148</xmin>
			<ymin>294</ymin>
			<xmax>241</xmax>
			<ymax>375</ymax>
		</bndbox>
	</object>
	<object>
		<name>pc</name>
		<pose>Unspecified</pose>
		<truncated>0</truncated>
		<difficult>0</difficult>
		<bndbox>
			<xmin>273</xmin>
			<ymin>296</ymin>
			<xmax>367</xmax>
			<ymax>380</ymax>
		</bndbox>
	</object>
	<object>
		<name>pc</name>
		<pose>Unspecified</pose>
		<truncated>0</truncated>
		<difficult>0</difficult>
		<bndbox>
			<xmin>402</xmin>
			<ymin>291</ymin>
			<xmax>481</xmax>
			<ymax>379</ymax>
		</bndbox>
	</object>
	<object>
		<name>pc</name>
		<pose>Unspecified</pose>
		<truncated>0</truncated>
		<difficult>0</difficult>
		<bndbox>
			<xmin>518</xmin>
			<ymin>299</ymin>
			<xmax>606</xmax>
			<ymax>367</ymax>
		</bndbox>
	</object>
</annotation>