<annotation>
	<folder>my-project-name</folder>
	<filename>{no.1000} (6).jpg</filename>
	<path>/my-project-name/{no.1000} (6).jpg</path>
	<source>
		<database>Unspecified</database>
	</source>
	<size>
		<width>642</width>
		<height>395</height>
		<depth>3</depth>
	</size>
	<object>
		<name>switch</name>
		<pose>Unspecified</pose>
		<truncated>0</truncated>
		<difficult>0</difficult>
		<bndbox>
			<xmin>253</xmin>
			<ymin>269</ymin>
			<xmax>431</xmax>
			<ymax>365</ymax>
		</bndbox>
	</object>
</annotation>