<annotation>
	<folder>my-project-name</folder>
	<filename>{no.1000} (32).png</filename>
	<path>/my-project-name/{no.1000} (32).png</path>
	<source>
		<database>Unspecified</database>
	</source>
	<size>
		<width>954</width>
		<height>825</height>
		<depth>3</depth>
	</size>
	<object>
		<name>router</name>
		<pose>Unspecified</pose>
		<truncated>0</truncated>
		<difficult>0</difficult>
		<bndbox>
			<xmin>14</xmin>
			<ymin>12</ymin>
			<xmax>191</xmax>
			<ymax>127</ymax>
		</bndbox>
	</object>
	<object>
		<name>router</name>
		<pose>Unspecified</pose>
		<truncated>0</truncated>
		<difficult>0</difficult>
		<bndbox>
			<xmin>760</xmin>
			<ymin>21</ymin>
			<xmax>943</xmax>
			<ymax>134</ymax>
		</bndbox>
	</object>
	<object>
		<name>router</name>
		<pose>Unspecified</pose>
		<truncated>0</truncated>
		<difficult>0</difficult>
		<bndbox>
			<xmin>373</xmin>
			<ymin>611</ymin>
			<xmax>564</xmax>
			<ymax>730</ymax>
		</bndbox>
	</object>
</annotation>