<annotation>
	<folder>my-project-name</folder>
	<filename>{no.1000} (1).jpg</filename>
	<path>/my-project-name/{no.1000} (1).jpg</path>
	<source>
		<database>Unspecified</database>
	</source>
	<size>
		<width>320</width>
		<height>240</height>
		<depth>3</depth>
	</size>
	<object>
		<name>router</name>
		<pose>Unspecified</pose>
		<truncated>0</truncated>
		<difficult>0</difficult>
		<bndbox>
			<xmin>8</xmin>
			<ymin>42</ymin>
			<xmax>52</xmax>
			<ymax>67</ymax>
		</bndbox>
	</object>
	<object>
		<name>router</name>
		<pose>Unspecified</pose>
		<truncated>0</truncated>
		<difficult>0</difficult>
		<bndbox>
			<xmin>14</xmin>
			<ymin>71</ymin>
			<xmax>48</xmax>
			<ymax>90</ymax>
		</bndbox>
	</object>
	<object>
		<name>router</name>
		<pose>Unspecified</pose>
		<truncated>0</truncated>
		<difficult>0</difficult>
		<bndbox>
			<xmin>91</xmin>
			<ymin>205</ymin>
			<xmax>128</xmax>
			<ymax>225</ymax>
		</bndbox>
	</object>
	<object>
		<name>router</name>
		<pose>Unspecified</pose>
		<truncated>0</truncated>
		<difficult>0</difficult>
		<bndbox>
			<xmin>11</xmin>
			<ymin>97</ymin>
			<xmax>49</xmax>
			<ymax>120</ymax>
		</bndbox>
	</object>
	<object>
		<name>pc</name>
		<pose>Unspecified</pose>
		<truncated>0</truncated>
		<difficult>0</difficult>
		<bndbox>
			<xmin>18</xmin>
			<ymin>160</ymin>
			<xmax>52</xmax>
			<ymax>195</ymax>
		</bndbox>
	</object>
	<object>
		<name>pc</name>
		<pose>Unspecified</pose>
		<truncated>0</truncated>
		<difficult>0</difficult>
		<bndbox>
			<xmin>87</xmin>
			<ymin>48</ymin>
			<xmax>127</xmax>
			<ymax>85</ymax>
		</bndbox>
	</object>
	<object>
		<name>pc</name>
		<pose>Unspecified</pose>
		<truncated>0</truncated>
		<difficult>0</difficult>
		<bndbox>
			<xmin>92</xmin>
			<ymin>139</ymin>
			<xmax>126</xmax>
			<ymax>172</ymax>
		</bndbox>
	</object>
	<object>
		<name>switch</name>
		<pose>Unspecified</pose>
		<truncated>0</truncated>
		<difficult>0</difficult>
		<bndbox>
			<xmin>160</xmin>
			<ymin>187</ymin>
			<xmax>193</xmax>
			<ymax>204</ymax>
		</bndbox>
	</object>
	<object>
		<name>switch</name>
		<pose>Unspecified</pose>
		<truncated>0</truncated>
		<difficult>0</difficult>
		<bndbox>
			<xmin>158</xmin>
			<ymin>207</ymin>
			<xmax>197</xmax>
			<ymax>227</ymax>
		</bndbox>
	</object>
</annotation>