<annotation>
	<folder>train</folder>
	<filename>100.jpg</filename>
	<path>C:\Users\tmp_bassene52820\Desktop\ob_detect\train\100.jpg</path>
	<source>
		<database>Unknown</database>
	</source>
	<size>
		<width>281</width>
		<height>180</height>
		<depth>3</depth>
	</size>
	<segmented>0</segmented>
	<object>
		<name>switch</name>
		<pose>Unspecified</pose>
		<truncated>0</truncated>
		<difficult>0</difficult>
		<bndbox>
			<xmin>14</xmin>
			<ymin>38</ymin>
			<xmax>259</xmax>
			<ymax>153</ymax>
		</bndbox>
	</object>
</annotation>
