<annotation>
	<folder>router</folder>
	<filename>10001.jpg</filename>
	<path>C:\Users\tmp_bassene52820\Desktop\router\10001.jpg</path>
	<source>
		<database>Unknown</database>
	</source>
	<size>
		<width>256</width>
		<height>257</height>
		<depth>3</depth>
	</size>
	<segmented>0</segmented>
	<object>
		<name>firewall</name>
		<pose>Unspecified</pose>
		<truncated>0</truncated>
		<difficult>0</difficult>
		<bndbox>
			<xmin>65</xmin>
			<ymin>37</ymin>
			<xmax>193</xmax>
			<ymax>189</ymax>
		</bndbox>
	</object>
</annotation>
