<annotation>
	<folder>router</folder>
	<filename>10002.jpg</filename>
	<path>C:\Users\tmp_bassene52820\Desktop\router\10002.jpg</path>
	<source>
		<database>Unknown</database>
	</source>
	<size>
		<width>474</width>
		<height>493</height>
		<depth>3</depth>
	</size>
	<segmented>0</segmented>
	<object>
		<name>pc</name>
		<pose>Unspecified</pose>
		<truncated>0</truncated>
		<difficult>0</difficult>
		<bndbox>
			<xmin>50</xmin>
			<ymin>134</ymin>
			<xmax>336</xmax>
			<ymax>400</ymax>
		</bndbox>
	</object>
</annotation>
