<annotation>
	<folder>router</folder>
	<filename>10007.png</filename>
	<path>C:\Users\tmp_bassene52820\Desktop\router\10007.png</path>
	<source>
		<database>Unknown</database>
	</source>
	<size>
		<width>323</width>
		<height>156</height>
		<depth>3</depth>
	</size>
	<segmented>0</segmented>
	<object>
		<name>router</name>
		<pose>Unspecified</pose>
		<truncated>0</truncated>
		<difficult>0</difficult>
		<bndbox>
			<xmin>69</xmin>
			<ymin>15</ymin>
			<xmax>254</xmax>
			<ymax>140</ymax>
		</bndbox>
	</object>
</annotation>
