<annotation>
	<folder>router</folder>
	<filename>10003.jpg</filename>
	<path>C:\Users\tmp_bassene52820\Desktop\router\10003.jpg</path>
	<source>
		<database>Unknown</database>
	</source>
	<size>
		<width>400</width>
		<height>400</height>
		<depth>3</depth>
	</size>
	<segmented>0</segmented>
	<object>
		<name>firewall</name>
		<pose>Unspecified</pose>
		<truncated>0</truncated>
		<difficult>0</difficult>
		<bndbox>
			<xmin>7</xmin>
			<ymin>9</ymin>
			<xmax>304</xmax>
			<ymax>382</ymax>
		</bndbox>
	</object>
</annotation>
