<annotation>
	<folder>router</folder>
	<filename>10006.jpg</filename>
	<path>C:\Users\tmp_bassene52820\Desktop\router\10006.jpg</path>
	<source>
		<database>Unknown</database>
	</source>
	<size>
		<width>450</width>
		<height>346</height>
		<depth>3</depth>
	</size>
	<segmented>0</segmented>
	<object>
		<name>firewall</name>
		<pose>Unspecified</pose>
		<truncated>0</truncated>
		<difficult>0</difficult>
		<bndbox>
			<xmin>16</xmin>
			<ymin>23</ymin>
			<xmax>401</xmax>
			<ymax>288</ymax>
		</bndbox>
	</object>
</annotation>
