<annotation>
	<folder>router</folder>
	<filename>10018.png</filename>
	<path>C:\Users\tmp_bassene52820\Desktop\router\10018.png</path>
	<source>
		<database>Unknown</database>
	</source>
	<size>
		<width>860</width>
		<height>611</height>
		<depth>3</depth>
	</size>
	<segmented>0</segmented>
	<object>
		<name>router</name>
		<pose>Unspecified</pose>
		<truncated>0</truncated>
		<difficult>0</difficult>
		<bndbox>
			<xmin>116</xmin>
			<ymin>38</ymin>
			<xmax>758</xmax>
			<ymax>475</ymax>
		</bndbox>
	</object>
</annotation>
