<annotation>
	<folder>router</folder>
	<filename>10013.png</filename>
	<path>C:\Users\tmp_bassene52820\Desktop\router\10013.png</path>
	<source>
		<database>Unknown</database>
	</source>
	<size>
		<width>226</width>
		<height>223</height>
		<depth>3</depth>
	</size>
	<segmented>0</segmented>
	<object>
		<name>router</name>
		<pose>Unspecified</pose>
		<truncated>1</truncated>
		<difficult>0</difficult>
		<bndbox>
			<xmin>3</xmin>
			<ymin>1</ymin>
			<xmax>221</xmax>
			<ymax>217</ymax>
		</bndbox>
	</object>
</annotation>
