<annotation>
	<folder>router</folder>
	<filename>10016.png</filename>
	<path>C:\Users\tmp_bassene52820\Desktop\router\10016.png</path>
	<source>
		<database>Unknown</database>
	</source>
	<size>
		<width>900</width>
		<height>441</height>
		<depth>3</depth>
	</size>
	<segmented>0</segmented>
	<object>
		<name>router</name>
		<pose>Unspecified</pose>
		<truncated>1</truncated>
		<difficult>0</difficult>
		<bndbox>
			<xmin>143</xmin>
			<ymin>4</ymin>
			<xmax>751</xmax>
			<ymax>441</ymax>
		</bndbox>
	</object>
</annotation>
