<annotation>
	<folder>router</folder>
	<filename>10014.jpg</filename>
	<path>C:\Users\tmp_bassene52820\Desktop\router\10014.jpg</path>
	<source>
		<database>Unknown</database>
	</source>
	<size>
		<width>279</width>
		<height>299</height>
		<depth>3</depth>
	</size>
	<segmented>0</segmented>
	<object>
		<name>firewall</name>
		<pose>Unspecified</pose>
		<truncated>1</truncated>
		<difficult>0</difficult>
		<bndbox>
			<xmin>2</xmin>
			<ymin>1</ymin>
			<xmax>278</xmax>
			<ymax>297</ymax>
		</bndbox>
	</object>
</annotation>
