<annotation>
	<folder>router</folder>
	<filename>10011.jpg</filename>
	<path>C:\Users\tmp_bassene52820\Desktop\router\10011.jpg</path>
	<source>
		<database>Unknown</database>
	</source>
	<size>
		<width>474</width>
		<height>474</height>
		<depth>3</depth>
	</size>
	<segmented>0</segmented>
	<object>
		<name>firewall</name>
		<pose>Unspecified</pose>
		<truncated>0</truncated>
		<difficult>0</difficult>
		<bndbox>
			<xmin>65</xmin>
			<ymin>44</ymin>
			<xmax>407</xmax>
			<ymax>431</ymax>
		</bndbox>
	</object>
</annotation>
