<annotation>
	<folder>router</folder>
	<filename>10015.png</filename>
	<path>C:\Users\tmp_bassene52820\Desktop\router\10015.png</path>
	<source>
		<database>Unknown</database>
	</source>
	<size>
		<width>640</width>
		<height>474</height>
		<depth>3</depth>
	</size>
	<segmented>0</segmented>
	<object>
		<name>switch</name>
		<pose>Unspecified</pose>
		<truncated>0</truncated>
		<difficult>0</difficult>
		<bndbox>
			<xmin>149</xmin>
			<ymin>162</ymin>
			<xmax>447</xmax>
			<ymax>313</ymax>
		</bndbox>
	</object>
</annotation>
