<annotation>
	<folder>train</folder>
	<filename>13.jpg</filename>
	<path>C:\Users\tmp_bassene52820\Desktop\ob_detect\train\13.jpg</path>
	<source>
		<database>Unknown</database>
	</source>
	<size>
		<width>271</width>
		<height>186</height>
		<depth>3</depth>
	</size>
	<segmented>0</segmented>
	<object>
		<name>router</name>
		<pose>Unspecified</pose>
		<truncated>0</truncated>
		<difficult>0</difficult>
		<bndbox>
			<xmin>6</xmin>
			<ymin>5</ymin>
			<xmax>267</xmax>
			<ymax>179</ymax>
		</bndbox>
	</object>
</annotation>
