<annotation>
	<folder>train</folder>
	<filename>14.jpg</filename>
	<path>C:\Users\tmp_bassene52820\Desktop\ob_detect\train\14.jpg</path>
	<source>
		<database>Unknown</database>
	</source>
	<size>
		<width>216</width>
		<height>233</height>
		<depth>3</depth>
	</size>
	<segmented>0</segmented>
	<object>
		<name>router</name>
		<pose>Unspecified</pose>
		<truncated>0</truncated>
		<difficult>0</difficult>
		<bndbox>
			<xmin>35</xmin>
			<ymin>53</ymin>
			<xmax>186</xmax>
			<ymax>157</ymax>
		</bndbox>
	</object>
</annotation>
