<annotation>
	<folder>train</folder>
	<filename>18.jpg</filename>
	<path>C:\Users\tmp_bassene52820\Desktop\ob_detect\train\18.jpg</path>
	<source>
		<database>Unknown</database>
	</source>
	<size>
		<width>100</width>
		<height>100</height>
		<depth>3</depth>
	</size>
	<segmented>0</segmented>
	<object>
		<name>router</name>
		<pose>Unspecified</pose>
		<truncated>0</truncated>
		<difficult>0</difficult>
		<bndbox>
			<xmin>28</xmin>
			<ymin>26</ymin>
			<xmax>72</xmax>
			<ymax>58</ymax>
		</bndbox>
	</object>
</annotation>
