<annotation>
	<folder>train</folder>
	<filename>2.jpg</filename>
	<path>C:\Users\tmp_bassene52820\Desktop\ob_detect\train\2.jpg</path>
	<source>
		<database>Unknown</database>
	</source>
	<size>
		<width>216</width>
		<height>233</height>
		<depth>3</depth>
	</size>
	<segmented>0</segmented>
	<object>
		<name>router</name>
		<pose>Unspecified</pose>
		<truncated>0</truncated>
		<difficult>0</difficult>
		<bndbox>
			<xmin>60</xmin>
			<ymin>65</ymin>
			<xmax>156</xmax>
			<ymax>131</ymax>
		</bndbox>
	</object>
</annotation>
