<annotation>
	<folder>train</folder>
	<filename>201.jpg</filename>
	<path>C:\Users\tmp_bassene52820\Desktop\ob_detect\train\201.jpg</path>
	<source>
		<database>Unknown</database>
	</source>
	<size>
		<width>225</width>
		<height>225</height>
		<depth>3</depth>
	</size>
	<segmented>0</segmented>
	<object>
		<name>firewall</name>
		<pose>Unspecified</pose>
		<truncated>0</truncated>
		<difficult>0</difficult>
		<bndbox>
			<xmin>11</xmin>
			<ymin>4</ymin>
			<xmax>213</xmax>
			<ymax>222</ymax>
		</bndbox>
	</object>
</annotation>
