<annotation>
	<folder>train</folder>
	<filename>203.jpg</filename>
	<path>C:\Users\tmp_bassene52820\Desktop\ob_detect\train\203.jpg</path>
	<source>
		<database>Unknown</database>
	</source>
	<size>
		<width>227</width>
		<height>222</height>
		<depth>3</depth>
	</size>
	<segmented>0</segmented>
	<object>
		<name>firewall</name>
		<pose>Unspecified</pose>
		<truncated>1</truncated>
		<difficult>0</difficult>
		<bndbox>
			<xmin>4</xmin>
			<ymin>1</ymin>
			<xmax>224</xmax>
			<ymax>215</ymax>
		</bndbox>
	</object>
</annotation>
