<annotation>
	<folder>train</folder>
	<filename>206.jpg</filename>
	<path>C:\Users\tmp_bassene52820\Desktop\ob_detect\train\206.jpg</path>
	<source>
		<database>Unknown</database>
	</source>
	<size>
		<width>1200</width>
		<height>1177</height>
		<depth>3</depth>
	</size>
	<segmented>0</segmented>
	<object>
		<name>firewall</name>
		<pose>Unspecified</pose>
		<truncated>0</truncated>
		<difficult>0</difficult>
		<bndbox>
			<xmin>162</xmin>
			<ymin>217</ymin>
			<xmax>1025</xmax>
			<ymax>971</ymax>
		</bndbox>
	</object>
</annotation>
