<annotation>
	<folder>train</folder>
	<filename>207.jpg</filename>
	<path>C:\Users\tmp_bassene52820\Desktop\ob_detect\train\207.jpg</path>
	<source>
		<database>Unknown</database>
	</source>
	<size>
		<width>260</width>
		<height>260</height>
		<depth>3</depth>
	</size>
	<segmented>0</segmented>
	<object>
		<name>firewall</name>
		<pose>Unspecified</pose>
		<truncated>0</truncated>
		<difficult>0</difficult>
		<bndbox>
			<xmin>4</xmin>
			<ymin>3</ymin>
			<xmax>253</xmax>
			<ymax>250</ymax>
		</bndbox>
	</object>
</annotation>
