<annotation>
	<folder>train</folder>
	<filename>208.jpg</filename>
	<path>C:\Users\tmp_bassene52820\Desktop\ob_detect\train\208.jpg</path>
	<source>
		<database>Unknown</database>
	</source>
	<size>
		<width>260</width>
		<height>280</height>
		<depth>3</depth>
	</size>
	<segmented>0</segmented>
	<object>
		<name>firewall</name>
		<pose>Unspecified</pose>
		<truncated>0</truncated>
		<difficult>0</difficult>
		<bndbox>
			<xmin>37</xmin>
			<ymin>13</ymin>
			<xmax>225</xmax>
			<ymax>248</ymax>
		</bndbox>
	</object>
</annotation>
