<annotation>
	<folder>train</folder>
	<filename>210.jpg</filename>
	<path>C:\Users\tmp_bassene52820\Desktop\ob_detect\train\210.jpg</path>
	<source>
		<database>Unknown</database>
	</source>
	<size>
		<width>800</width>
		<height>599</height>
		<depth>3</depth>
	</size>
	<segmented>0</segmented>
	<object>
		<name>firewall</name>
		<pose>Unspecified</pose>
		<truncated>0</truncated>
		<difficult>0</difficult>
		<bndbox>
			<xmin>97</xmin>
			<ymin>2</ymin>
			<xmax>690</xmax>
			<ymax>595</ymax>
		</bndbox>
	</object>
</annotation>
