<annotation>
	<folder>train</folder>
	<filename>211.jpg</filename>
	<path>C:\Users\tmp_bassene52820\Desktop\ob_detect\train\211.jpg</path>
	<source>
		<database>Unknown</database>
	</source>
	<size>
		<width>224</width>
		<height>225</height>
		<depth>3</depth>
	</size>
	<segmented>0</segmented>
	<object>
		<name>firewall</name>
		<pose>Unspecified</pose>
		<truncated>0</truncated>
		<difficult>0</difficult>
		<bndbox>
			<xmin>56</xmin>
			<ymin>32</ymin>
			<xmax>169</xmax>
			<ymax>167</ymax>
		</bndbox>
	</object>
</annotation>
