<annotation>
	<folder>train</folder>
	<filename>3.jpg</filename>
	<path>C:\Users\tmp_bassene52820\Desktop\ob_detect\train\3.jpg</path>
	<source>
		<database>Unknown</database>
	</source>
	<size>
		<width>271</width>
		<height>186</height>
		<depth>3</depth>
	</size>
	<segmented>0</segmented>
	<object>
		<name>router</name>
		<pose>Unspecified</pose>
		<truncated>0</truncated>
		<difficult>0</difficult>
		<bndbox>
			<xmin>5</xmin>
			<ymin>6</ymin>
			<xmax>266</xmax>
			<ymax>177</ymax>
		</bndbox>
	</object>
</annotation>
