<annotation>
	<folder>router</folder>
	<filename>3.png</filename>
	<path>C:\Users\tmp_bassene52820\Desktop\router\3.png</path>
	<source>
		<database>Unknown</database>
	</source>
	<size>
		<width>225</width>
		<height>225</height>
		<depth>3</depth>
	</size>
	<segmented>0</segmented>
	<object>
		<name>switch</name>
		<pose>Unspecified</pose>
		<truncated>0</truncated>
		<difficult>0</difficult>
		<bndbox>
			<xmin>3</xmin>
			<ymin>57</ymin>
			<xmax>221</xmax>
			<ymax>166</ymax>
		</bndbox>
	</object>
</annotation>
