<annotation>
	<folder>router</folder>
	<filename>4.png</filename>
	<path>C:\Users\tmp_bassene52820\Desktop\router\4.png</path>
	<source>
		<database>Unknown</database>
	</source>
	<size>
		<width>331</width>
		<height>152</height>
		<depth>3</depth>
	</size>
	<segmented>0</segmented>
	<object>
		<name>switch</name>
		<pose>Unspecified</pose>
		<truncated>0</truncated>
		<difficult>0</difficult>
		<bndbox>
			<xmin>48</xmin>
			<ymin>15</ymin>
			<xmax>284</xmax>
			<ymax>137</ymax>
		</bndbox>
	</object>
</annotation>
