<annotation>
	<folder>router</folder>
	<filename>5.jpg</filename>
	<path>C:\Users\tmp_bassene52820\Desktop\router\5.jpg</path>
	<source>
		<database>Unknown</database>
	</source>
	<size>
		<width>284</width>
		<height>178</height>
		<depth>3</depth>
	</size>
	<segmented>0</segmented>
	<object>
		<name>switch</name>
		<pose>Unspecified</pose>
		<truncated>1</truncated>
		<difficult>0</difficult>
		<bndbox>
			<xmin>1</xmin>
			<ymin>38</ymin>
			<xmax>228</xmax>
			<ymax>146</ymax>
		</bndbox>
	</object>
</annotation>
