<annotation>
	<folder>train</folder>
	<filename>6.jpg</filename>
	<path>C:\Users\tmp_bassene52820\Desktop\ob_detect\train\6.jpg</path>
	<source>
		<database>Unknown</database>
	</source>
	<size>
		<width>313</width>
		<height>161</height>
		<depth>3</depth>
	</size>
	<segmented>0</segmented>
	<object>
		<name>router</name>
		<pose>Unspecified</pose>
		<truncated>0</truncated>
		<difficult>0</difficult>
		<bndbox>
			<xmin>56</xmin>
			<ymin>14</ymin>
			<xmax>256</xmax>
			<ymax>130</ymax>
		</bndbox>
	</object>
</annotation>
