<annotation>
	<folder>router</folder>
	<filename>6.png</filename>
	<path>C:\Users\tmp_bassene52820\Desktop\router\6.png</path>
	<source>
		<database>Unknown</database>
	</source>
	<size>
		<width>100</width>
		<height>100</height>
		<depth>3</depth>
	</size>
	<segmented>0</segmented>
	<object>
		<name>switch</name>
		<pose>Unspecified</pose>
		<truncated>0</truncated>
		<difficult>0</difficult>
		<bndbox>
			<xmin>16</xmin>
			<ymin>26</ymin>
			<xmax>84</xmax>
			<ymax>61</ymax>
		</bndbox>
	</object>
</annotation>
