<annotation>
	<folder>train</folder>
	<filename>7.jpg</filename>
	<path>C:\Users\tmp_bassene52820\Desktop\ob_detect\train\7.jpg</path>
	<source>
		<database>Unknown</database>
	</source>
	<size>
		<width>277</width>
		<height>182</height>
		<depth>1</depth>
	</size>
	<segmented>0</segmented>
	<object>
		<name>router</name>
		<pose>Unspecified</pose>
		<truncated>1</truncated>
		<difficult>0</difficult>
		<bndbox>
			<xmin>3</xmin>
			<ymin>1</ymin>
			<xmax>277</xmax>
			<ymax>180</ymax>
		</bndbox>
	</object>
</annotation>
