<annotation>
	<folder>train</folder>
	<filename>9.jpg</filename>
	<path>C:\Users\tmp_bassene52820\Desktop\ob_detect\train\9.jpg</path>
	<source>
		<database>Unknown</database>
	</source>
	<size>
		<width>260</width>
		<height>200</height>
		<depth>3</depth>
	</size>
	<segmented>0</segmented>
	<object>
		<name>router</name>
		<pose>Unspecified</pose>
		<truncated>1</truncated>
		<difficult>0</difficult>
		<bndbox>
			<xmin>1</xmin>
			<ymin>1</ymin>
			<xmax>260</xmax>
			<ymax>191</ymax>
		</bndbox>
	</object>
</annotation>
