<annotation>
	<folder>router</folder>
	<filename>9.png</filename>
	<path>C:\Users\tmp_bassene52820\Desktop\router\9.png</path>
	<source>
		<database>Unknown</database>
	</source>
	<size>
		<width>315</width>
		<height>160</height>
		<depth>3</depth>
	</size>
	<segmented>0</segmented>
	<object>
		<name>switch</name>
		<pose>Unspecified</pose>
		<truncated>0</truncated>
		<difficult>0</difficult>
		<bndbox>
			<xmin>5</xmin>
			<ymin>3</ymin>
			<xmax>308</xmax>
			<ymax>150</ymax>
		</bndbox>
	</object>
</annotation>
