<annotation>
	<folder>router</folder>
	<filename>Cisco-switches-and-hubs-Design-elements.png</filename>
	<path>C:\Users\tmp_bassene52820\Desktop\router\Cisco-switches-and-hubs-Design-elements.png</path>
	<source>
		<database>Unknown</database>
	</source>
	<size>
		<width>2000</width>
		<height>1356</height>
		<depth>3</depth>
	</size>
	<segmented>0</segmented>
	<object>
		<name>switch</name>
		<pose>Unspecified</pose>
		<truncated>0</truncated>
		<difficult>0</difficult>
		<bndbox>
			<xmin>1720</xmin>
			<ymin>88</ymin>
			<xmax>1948</xmax>
			<ymax>210</ymax>
		</bndbox>
	</object>
	<object>
		<name>switch</name>
		<pose>Unspecified</pose>
		<truncated>0</truncated>
		<difficult>0</difficult>
		<bndbox>
			<xmin>48</xmin>
			<ymin>394</ymin>
			<xmax>208</xmax>
			<ymax>564</ymax>
		</bndbox>
	</object>
	<object>
		<name>switch</name>
		<pose>Unspecified</pose>
		<truncated>0</truncated>
		<difficult>0</difficult>
		<bndbox>
			<xmin>600</xmin>
			<ymin>1164</ymin>
			<xmax>810</xmax>
			<ymax>1278</ymax>
		</bndbox>
	</object>
	<object>
		<name>switch</name>
		<pose>Unspecified</pose>
		<truncated>0</truncated>
		<difficult>0</difficult>
		<bndbox>
			<xmin>1460</xmin>
			<ymin>1174</ymin>
			<xmax>1670</xmax>
			<ymax>1272</ymax>
		</bndbox>
	</object>
</annotation>
